{"cameraMode":{"drawMode":0,"name":"Shaded","section":"Shading Mode"},"sceneLighting":true,"audioPlay":false,"sceneViewState":{"showFog":true,"showMaterialUpdate":false,"showSkybox":true,"showFlares":true,"showImageEffects":true,"showParticleSystems":true},"in2DMode":false,"pivot":{"x":-0.4793894290924072,"y":-0.2082207202911377,"z":0.36295580863952639},"rotation":{"x":-0.07517152279615402,"y":0.28858062624931338,"z":-0.02272413857281208,"w":-0.9542510509490967},"size":4.084704875946045,"orthographic":false}