{"cameraMode":{"drawMode":0,"name":"Shaded","section":"Shading Mode"},"sceneLighting":true,"audioPlay":false,"sceneViewState":{"showFog":true,"showMaterialUpdate":true,"showSkybox":true,"showFlares":true,"showImageEffects":true,"showParticleSystems":true},"in2DMode":false,"pivot":{"x":11.384803771972657,"y":2.2179324626922609,"z":9.479391098022461},"rotation":{"x":0.07519152015447617,"y":-0.6173483729362488,"z":0.05944763496518135,"w":0.7808323502540588},"size":23.334543228149415,"orthographic":false}