{"cameraMode":{"drawMode":0,"name":"Shaded","section":"Shading Mode"},"sceneLighting":false,"audioPlay":false,"sceneViewState":{"showFog":true,"showMaterialUpdate":false,"showSkybox":true,"showFlares":true,"showImageEffects":true,"showParticleSystems":true},"in2DMode":false,"pivot":{"x":677.5779418945313,"y":-38.210205078125,"z":-6.0753173828125},"rotation":{"x":-0.06318796426057816,"y":-0.21883158385753632,"z":0.014202393591403962,"w":-0.9736133217811585},"size":2.8578836917877199,"orthographic":false}